{"cameraMode":{"drawMode":0,"name":"Shaded","section":"Shading Mode"},"sceneLighting":true,"audioPlay":false,"sceneViewState":{"m_AlwaysRefresh":false,"showFog":true,"showSkybox":true,"showFlares":true,"showImageEffects":true,"showParticleSystems":true,"showVisualEffectGraphs":true,"m_FxEnabled":true},"in2DMode":false,"pivot":{"x":1.4932975769042969,"y":0.36858445405960085,"z":-6.4666290283203129},"rotation":{"x":-0.35947373509407046,"y":-0.021833335980772973,"z":0.008417352102696896,"w":-0.9328609704971314},"size":8.785428047180176,"orthographic":false}